"number";"player";"team";"apps";"min";"goals";"a";"xG";"xA";"xG90";"xA90"
1;"Esteban Lepaul";"Angers,Rennes";34;2761;21;5;15.73;3.39;0.51;0.11
2;"Mason Greenwood";"Marseille";32;2503;16;7;14.34;7.64;0.52;0.27
3;"Joaquín Panichelli";"Strasbourg";27;2202;16;1;14.72;2.95;0.6;0.12
4;"Folarin Balogun";"Monaco";30;2281;13;4;14.09;4.19;0.56;0.17
5;"Odsonne Edouard";"Lens";29;1879;12;3;13.34;2.1;0.64;0.1
6;"Wesley Said";"Lens";29;2061;12;2;12.06;5.92;0.53;0.26
7;"Lassine Sinayoko";"Auxerre";32;2811;12;4;13.61;4.95;0.44;0.16
8;"Florian Thauvin";"Lens";33;2510;11;6;12.1;9.86;0.43;0.35
9;"Corentin Tolisso";"Lyon";30;2319;11;4;10.56;4.52;0.41;0.18
10;"Anssumane Fati";"Monaco";25;1058;11;0;11.29;1.9;0.96;0.16
11;"Bradley Barcola";"Paris Saint Germain";29;1778;11;1;11.66;4.78;0.59;0.24
12;"Pierre-Emerick Aubameyang";"Marseille";30;2074;10;5;15.53;5.14;0.67;0.22
13;"Ousmane Dembélé";"Paris Saint Germain";22;1050;10;7;6.6;5.21;0.57;0.45
14;"Ahmadou Bamba Dieng";"Lorient";22;1239;10;1;9.47;1.15;0.69;0.08
15;"Pablo Pagis";"Lorient";28;1799;10;5;7.79;4.75;0.39;0.24
16;"Martial Godo";"Strasbourg";28;1602;10;1;8.61;2.26;0.48;0.13
17;"Pavel Sulc";"Lyon";27;1562;10;3;8.2;3.45;0.47;0.2
18;"Romain Del Castillo";"Brest";32;2686;9;3;8.39;6.57;0.28;0.22
19;"Breel Embolo";"Rennes";31;1870;9;3;9.04;1.47;0.43;0.07
20;"Ilan Kebbal";"Paris FC";29;2247;9;4;6.2;5.01;0.25;0.2
21;"Gauthier Hein";"Metz";29;2355;8;7;7.26;4.46;0.28;0.17
22;"Amine Gouiri";"Marseille";22;1318;8;3;7.24;3.99;0.49;0.27
23;"Sofiane Diop";"Nice";33;2191;8;2;8.18;3.58;0.34;0.15
24;"Yann Gboho";"Toulouse";31;2619;8;4;5.63;4.15;0.19;0.14
25;"Ludovic Ajorque";"Brest";32;2834;8;9;9.86;3.82;0.31;0.12
26;"Khvicha Kvaratskhelia";"Paris Saint Germain";28;1477;8;4;7.98;5.74;0.49;0.35
27;"Hákon Haraldsson";"Lille";32;2517;8;2;8.2;4.53;0.29;0.16
28;"Issa Soumaré";"Le Havre";34;2942;8;5;14.25;4.38;0.44;0.13
29;"Matias Fernandez-Pardo";"Lille";29;2408;8;5;11.11;4.86;0.42;0.18
30;"Olivier Giroud";"Lille";30;1610;7;1;8.87;1.85;0.5;0.1
31;"Désiré Doué";"Paris Saint Germain";23;1372;7;4;8.19;3.85;0.54;0.25
32;"Sebastian Nanasi";"Strasbourg";19;1039;7;2;4.77;2.44;0.41;0.21
33;"Emersonn";"Toulouse";27;1517;7;2;7.42;1.88;0.44;0.11
34;"Matthis Abline";"Nantes";32;2501;6;4;8.4;4.09;0.3;0.15
35;"Maghnes Akliouche";"Monaco";31;2430;6;6;6.61;5.36;0.24;0.2
36;"Gonçalo Ramos";"Paris Saint Germain";30;1293;6;1;9.37;1.53;0.65;0.11
37;"Mousa Al Tamari";"Rennes";33;2265;6;6;4.31;4.36;0.17;0.17
38;"Igor Paixão";"Marseille";30;1979;6;5;5.59;2.52;0.25;0.11
39;"Aleksandr Golovin";"Monaco";25;1695;5;5;4.7;2.31;0.25;0.12
40;"Ludovic Blas";"Rennes";32;1521;5;4;4.74;6.98;0.28;0.41
41;"Willem Geubbels";"Paris FC";24;1013;5;0;5.86;0.54;0.52;0.05
42;"Eric Junior Dina Ebimbe";"Brest";27;1161;5;0;4.38;1.19;0.34;0.09
43;"Sepe Elye Wahi";"Nice";14;937;5;1;4.23;0.8;0.41;0.08
44;"Kamory Doumbia";"Brest";24;1805;5;4;5;4.45;0.25;0.22
45;"Frank Magri";"Toulouse";17;1297;5;1;4.2;0.84;0.29;0.06
46;"Remy Labeau Lascary";"Brest";27;1177;5;1;5.34;2.66;0.41;0.2
47;"Aiyegun Tosin";"Lorient";27;1068;5;0;6.64;1.04;0.56;0.09
48;"João Neves";"Paris Saint Germain";21;1280;5;1;3.16;2.48;0.22;0.17
49;"Endrick";"Lyon";16;1248;5;7;6.48;4.55;0.47;0.33
50;"Rayan Fofana";"Lens";25;759;5;0;6.32;0.34;0.75;0.04
51;"Prosper Peter";"Angers";29;1257;5;0;6.07;0.9;0.43;0.06
52;"Alimami Gory";"Paris FC";24;959;5;1;3.89;0.67;0.37;0.06
53;"Hamza Igamane";"Lille";13;406;5;1;3.76;0.66;0.83;0.15
54;"Pierre-Emile Højbjerg";"Marseille";32;2716;4;5;3.92;4.43;0.13;0.15
55;"Jean-Victor Makengo";"Lorient";31;1842;4;2;3.39;1.91;0.17;0.09
56;"Habib Diallo";"Metz";25;1908;4;1;5.93;0.74;0.28;0.04
57;"Marshall Munetsi";"Paris FC";15;985;4;1;4.14;0.84;0.38;0.08
58;"Mohamed Ali-Cho";"Nice";24;1717;4;3;4.28;3.52;0.22;0.18
59;"Felix Correia";"Lille";34;2124;4;5;5.81;5.87;0.25;0.25
60;"Nuno Mendes";"Paris Saint Germain";20;1251;4;5;3.81;5.06;0.27;0.36
61;"Sambou Soumano";"Lorient";31;891;4;2;6.81;1.81;0.69;0.18
62;"Mostafa Mohamed";"Nantes";24;1152;4;0;3.02;1.14;0.24;0.09
63;"Rassoul Ndiaye";"Le Havre";33;2600;4;4;3.08;2.78;0.11;0.1
64;"Emanuel Emegha";"Strasbourg";10;427;4;2;4.25;1.26;0.9;0.27
65;"Diego Moreira";"Strasbourg";27;2063;4;7;2.22;6.94;0.1;0.3
66;"Roman Yaremchuk";"Lyon";11;566;4;1;3.28;0.6;0.52;0.1
67;"Aron Dønnum";"Toulouse";28;2438;4;4;4.6;6.29;0.17;0.23
68;"Senny Mayulu";"Paris Saint Germain";26;1704;4;4;4.82;4.02;0.25;0.21
69;"Sidiki Chérif";"Angers";19;1187;4;0;2.83;0.6;0.21;0.05
70;"Robinio Vaz";"Marseille";14;346;4;2;2.75;0.97;0.71;0.25
71;"Afonso Moreira";"Lyon";27;1695;4;7;3.16;5.93;0.17;0.31
72;"Santiago Hidalgo";"Toulouse";28;1297;4;6;4;2.72;0.28;0.19
73;"Allan Saint-Maximin";"Lens";10;380;3;3;1.49;2.01;0.35;0.48
74;"Youssef El-Arabi";"Nantes";25;943;3;0;4.2;0.57;0.4;0.05
75;"Djibril Sidibe";"Toulouse";32;2169;3;4;3.01;1.97;0.13;0.08
76;"Adrien Thomasson";"Lens";32;2714;3;9;6.46;8.48;0.21;0.28
77;"Angel Gomes";"Marseille";14;919;3;0;2.06;1.07;0.2;0.1
78;"Jonathan Ikone";"Paris FC";23;1107;3;1;3.63;2.54;0.3;0.21
79;"Ignatius Ganago";"Nantes";13;844;3;1;3.5;0.75;0.37;0.08
80;"Mahdi Camara";"Rennes";32;2670;3;1;2.64;2.19;0.09;0.07
81;"Romain Perraud";"Lille";30;2262;3;4;1.6;4.02;0.06;0.16
82;"Moses Simon";"Paris FC";29;2062;3;3;2.88;4.33;0.13;0.19
83;"Lee Kang-In";"Paris Saint Germain";27;1527;3;4;3.16;6.61;0.19;0.39
84;"Fabien Centonze";"Nantes";15;738;3;0;0.96;0.15;0.12;0.02
85;"Takumi Minamino";"Monaco";15;976;3;2;3.37;2.1;0.31;0.19
86;"Fodé Doucouré";"Le Havre";26;1271;3;1;2.58;2.51;0.18;0.18
87;"Sékou Mara";"Auxerre";27;1231;3;2;3.05;1.1;0.22;0.08
88;"Charlie Cresswell";"Toulouse";29;2537;3;2;4.46;1.2;0.16;0.04
89;"Luca Koleosho";"Paris FC";16;517;3;1;2.73;1.66;0.48;0.29
90;"Warren Zaïre-Emery";"Paris Saint Germain";32;2460;3;4;2.07;4.28;0.08;0.16
91;"Kévin Danois";"Auxerre";33;2852;3;1;2.12;4.62;0.07;0.15
92;"Julio Enciso";"Strasbourg";27;1918;3;6;7.68;4.42;0.36;0.21
93;"Pierre Ganiou";"Lens";23;2018;3;0;2.16;0.5;0.1;0.02
94;"Abner";"Lyon";26;2182;3;2;2.24;3.12;0.09;0.13
95;"Tom Louchet";"Nice";27;1344;3;2;3.12;3.33;0.21;0.22
96;"Simon Adingra";"Monaco";14;871;3;2;2.9;1.46;0.3;0.15
97;"Lamine Camara";"Monaco";24;1870;3;4;1.34;5.09;0.06;0.24
98;"Ethan Mbappé";"Lille";18;530;3;1;1.87;1.49;0.32;0.25
99;"Mamadou Coulibaly";"Monaco";25;1402;3;3;1.99;1.76;0.13;0.11
100;"Ibrahim Mbaye";"Paris Saint Germain";24;973;3;2;3.43;2.36;0.32;0.22
101;"Ali Abdi";"Nice";22;1156;3;0;2.4;2.05;0.19;0.16
102;"Mohamed Meïté";"Rennes";17;502;3;2;4.26;1.32;0.76;0.24
103;"Giorgi Tsitaishvili";"Metz";33;2475;3;2;1.54;4.27;0.06;0.16
104;"Danny Namaso";"Auxerre";30;2544;3;3;7.32;3.95;0.26;0.14
105;"Mamadou Sangaré";"Lens";29;2347;3;4;3.29;2.84;0.13;0.11
106;"Noah Cadiou";"Lorient";28;1851;3;1;2.32;0.69;0.11;0.03
107;"Amine Sbaï";"Angers";25;1865;3;1;4.35;2.76;0.21;0.13
108;"Bryan Okoh";"Auxerre";13;1005;3;0;0.97;0.26;0.09;0.02
109;"Nabil Bentaleb";"Lille";26;1253;2;2;1.2;1.77;0.09;0.13
110;"Ciro Immobile";"Paris FC";12;736;2;2;2.33;1.9;0.29;0.23
111;"Benjamin André";"Lille";27;2328;2;2;2.57;1.93;0.1;0.07
112;"Rémy Cabella";"Nantes";11;561;2;0;2.53;1.13;0.41;0.18
113;"Jeremie Boga";"Nice";14;645;2;2;2.24;1.65;0.31;0.23
114;"Valentin Rongier";"Rennes";31;2750;2;5;0.78;4.39;0.03;0.14
115;"Abdoulaye Touré";"Le Havre";11;740;2;0;1.53;0.19;0.19;0.02
116;"Achraf Hakimi";"Paris Saint Germain";18;1382;2;2;2.8;1.46;0.18;0.09
117;"Thomas Meunier";"Lille";25;1911;2;2;1.41;2.76;0.07;0.13
118;"Vincent Marchetti";"Paris FC";23;798;2;1;2.13;0.59;0.24;0.07
119;"Ruben Aguilar";"Lens";26;1751;2;2;1.04;3.24;0.05;0.17
120;"Denis Zakaria";"Monaco";24;2039;2;1;2.55;1.43;0.11;0.06
121;"Jessy Deminguet";"Metz";31;2059;2;0;1.12;0.6;0.05;0.03
122;"Timothy Weah";"Marseille";29;2286;2;2;2.79;3.78;0.11;0.15
123;"Naif Aguerd";"Marseille";16;1407;2;0;0.89;0.27;0.06;0.02
124;"Hamed Junior Traore";"Marseille";13;612;2;1;2.75;0.89;0.4;0.13
125;"Joris Chotard";"Brest";33;2790;2;1;1.28;0.53;0.04;0.02
126;"Mama Baldé";"Brest";18;712;2;2;2.97;0.47;0.37;0.06
127;"Melvin Bard";"Nice";29;2393;2;1;0.8;1.8;0.03;0.07
128;"Mbwana Samatta";"Le Havre";27;1550;2;1;5.86;1.91;0.34;0.11
129;"Jean-Phillipe Krasso";"Paris FC";25;1082;2;2;4.3;3.16;0.36;0.26
130;"Sinaly Diomande";"Auxerre";24;2138;2;2;2.95;0.51;0.12;0.02
131;"Terem Igobor Moffi";"Nice";10;484;2;0;2.45;0.66;0.46;0.12
132;"Martín Satriano";"Lyon";11;696;2;1;2.15;1.25;0.28;0.16
133;"Théo Le Bris";"Lorient";28;1915;2;2;1.94;1.4;0.09;0.07
134;"Tyler Morton";"Lyon";29;2549;2;2;2.06;2.43;0.07;0.09
135;"Louis Mouton";"Angers";32;1947;2;1;3.08;2.34;0.14;0.11
136;"Mika Biereth";"Monaco";32;1051;2;2;3.21;2.31;0.27;0.2
137;"Guemissongui Ouattara";"Strasbourg";28;1763;2;0;2.82;1.79;0.14;0.09
138;"Yassin Belkhdim";"Angers";27;2175;2;2;2.3;1.53;0.1;0.06
139;"Guela Doué";"Strasbourg";24;2065;2;6;1.84;2.74;0.08;0.12
140;"Himad Abdelli";"Angers,Marseille";21;1075;2;0;1.93;0.55;0.16;0.05
141;"Abdallah Sima";"Lens";21;693;2;2;3.33;0.76;0.43;0.1
142;"Ethan Nwaneri";"Marseille";9;334;2;1;0.89;0.98;0.24;0.26
143;"Lilian Raolisoa";"Angers";32;1975;2;4;1.04;3.53;0.05;0.16
144;"Samuel Amo-Ameyaw";"Strasbourg";25;1010;2;2;1.18;1.23;0.11;0.11
145;"Cristian Cásseres Jr.";"Toulouse";30;2506;2;3;1.7;3.14;0.06;0.11
146;"Yassine Kechta";"Le Havre";30;1343;2;1;1.54;1.84;0.1;0.12
147;"Koffi Kouao";"Metz";27;2296;2;1;1.65;1.25;0.06;0.05
148;"Sadibou Sané";"Metz";23;1940;2;1;0.3;0.27;0.01;0.01
149;"Amir Murillo";"Marseille";16;978;2;1;1.05;1.94;0.1;0.18
150;"Arthur Avom";"Lorient";31;2095;2;1;1.05;3.18;0.05;0.14
151;"Malick Fofana";"Lyon";12;766;2;1;2.71;2.26;0.32;0.27
152;"Beraldo";"Paris Saint Germain";20;1579;2;1;1.36;1.51;0.08;0.09
153;"Valentín Barco";"Strasbourg";27;2187;2;4;3.29;5.3;0.14;0.22
154;"George Ilenikhena";"Monaco";15;343;2;0;1.26;0.23;0.33;0.06
155;"Dayann Methalie";"Toulouse";27;1906;2;1;1.48;2.02;0.07;0.1
156;"Bahereba Guirassy";"Nantes";20;799;2;1;1.99;1.03;0.22;0.12
157;"Saud Abdulhamid";"Lens";25;1335;2;4;1.1;2.75;0.07;0.19
158;"Abdelhamid Aït Boudlal";"Rennes";20;1396;2;1;1.82;0.53;0.12;0.03
159;"Goduine Koyalipou";"Angers";13;669;2;1;3.38;0.3;0.45;0.04
160;"Rudy Matondo";"Auxerre,Paris FC";27;1333;2;0;1.82;0.24;0.12;0.02
161;"Samson Baidoo";"Lens";23;1823;2;1;2.39;0.46;0.12;0.02
162;"Arsène Kouassi";"Lorient";31;2642;2;6;0.64;4.93;0.02;0.17
163;"Giorgi Abuashvili";"Metz";23;655;2;0;1.18;0.58;0.16;0.08
164;"Julián Vignolo";"Toulouse";13;154;2;0;1.69;0.33;0.99;0.19
165;"Djibirin Harouna";"Angers";15;286;2;1;1.26;0.63;0.4;0.2
166;"Noah Nartey";"Lyon";11;536;2;0;1.08;0.08;0.18;0.01
167;"Nathan Mbala";"Metz";13;426;2;2;0.7;1.07;0.15;0.23
168;"Giorgi Kvilitaia";"Metz";10;503;2;0;1.32;1.19;0.24;0.21
169;"Eric Dier";"Monaco";9;693;1;0;0.54;0.03;0.07;0
170;"Seko Fofana";"Rennes";12;659;1;0;0.76;0.65;0.1;0.09
171;"Sofiane Boufal";"Le Havre";17;1050;1;4;1.5;3.63;0.13;0.31
172;"Ainsley Maitland-Niles";"Lyon";30;2496;1;4;2.55;3.5;0.09;0.13
173;"Fabián";"Paris Saint Germain";20;1138;1;4;1.87;2.19;0.15;0.17
174;"Aissa Mandi";"Lille";29;2432;1;0;0.86;1;0.03;0.04
175;"Gaetan Perrin";"Lille";12;314;1;0;0.62;1.12;0.18;0.32
176;"Florian Sotoca";"Lens";26;458;1;0;0.72;0.94;0.14;0.18
177;"Benjamin Pavard";"Marseille";27;1932;1;2;1.03;2.1;0.05;0.1
178;"Gautier Lloris";"Le Havre";29;2397;1;1;1.2;1.07;0.05;0.04
179;"Lucas Tousart";"Brest";24;820;1;0;0.7;0.48;0.08;0.05
180;"Jean-Philippe Gbamin";"Metz";31;2487;1;1;1.95;1.45;0.07;0.05
181;"Laurent Abergel";"Lorient";28;2347;1;0;0.79;0.86;0.03;0.03
182;"Pierre Lees-Melou";"Brest,Paris FC";24;1971;1;3;1.58;2.86;0.07;0.13
183;"Arnaud Nordin";"Rennes";10;586;1;3;1.36;1.41;0.21;0.22
184;"Hugo Magnetti";"Brest";33;2721;1;1;0.6;1.22;0.02;0.04
185;"Matthieu Udol";"Lens";34;3000;1;7;4.39;11.9;0.13;0.36
186;"Chidozie Awaziem";"Nantes";26;2239;1;2;0.58;1.58;0.02;0.06
187;"Mohammed Salisu";"Monaco";12;1080;1;0;0.88;0.15;0.07;0.01
188;"Francisco Sierralta";"Auxerre";10;869;1;0;0.73;0.04;0.08;0
189;"Amadou Haidara";"Lens";7;241;1;1;0.36;0.16;0.13;0.06
190;"Sebastian Szymanski";"Rennes";16;796;1;3;0.53;2.57;0.06;0.29
191;"Brendan Chardonnet";"Brest";29;2555;1;3;1.02;2.53;0.04;0.09
192;"Hichem Boudaoui";"Nice";25;1697;1;2;2.29;1.6;0.12;0.08
193;"Boubacar Traore";"Metz";20;1414;1;0;0.94;0.22;0.06;0.01
194;"Georges Mikautadze";"Lyon";2;180;1;0;1.24;0;0.62;0
195;"Jonathan Clauss";"Nice";30;2529;1;6;1.41;8.05;0.05;0.29
196;"Vitinha";"Paris Saint Germain";29;2122;1;7;0.98;3.46;0.04;0.15
197;"Dilane Bakwa";"Strasbourg";3;94;1;2;0.08;0.67;0.07;0.64
198;"Marvin Senaya";"Auxerre";25;1796;1;0;1.4;0.24;0.07;0.01
199;"Quentin Merlin";"Rennes";33;2534;1;5;1.85;4.49;0.07;0.16
200;"Antoine Mendy";"Nice";25;2105;1;0;2.19;0.04;0.09;0
201;"Przemyslaw Frankowski";"Rennes";19;1230;1;2;0.34;2.62;0.02;0.19
202;"Jim Allevinah";"Angers";6;110;1;0;0.71;0.03;0.58;0.02
203;"Igor Silva";"Lorient";17;1208;1;0;0.35;0.5;0.03;0.04
204;"Andrew Omobamidele";"Strasbourg";25;1336;1;0;0.93;0;0.06;0
205;"Tanner Tessmann";"Lyon";29;1938;1;0;2.57;1.4;0.12;0.07
206;"Lohann Doucet";"Paris FC";5;114;1;0;0.61;0.09;0.48;0.07
207;"Junior Mwanga";"Nantes,Strasbourg";20;1651;1;1;1.15;1.07;0.06;0.06
208;"Rasmus Nicolaisen";"Toulouse";32;2582;1;0;0.88;0.1;0.03;0
209;"Anthony Rouault";"Rennes";21;1723;1;0;2.57;0.17;0.13;0.01
210;"Ousmane Camara";"Angers";32;2724;1;0;0.64;0.25;0.02;0.01
211;"Julien Le Cardinal";"Brest";5;323;1;0;0.5;0.03;0.14;0.01
212;"Warren Kamanzi";"Toulouse";24;825;1;1;1.5;0.56;0.16;0.06
213;"Illia Zabarnyi";"Paris Saint Germain";28;2387;1;0;0.57;0.16;0.02;0.01
214;"Morgan Guilavogui";"Lens";16;444;1;0;1.79;1.16;0.36;0.24
215;"Arouna Sangante";"Le Havre";28;2357;1;1;0.44;0.4;0.02;0.02
216;"Josué Casimir";"Auxerre";31;1509;1;0;2.74;1.41;0.16;0.08
217;"Oussama El Azzouzi";"Auxerre";11;821;1;0;0.7;0.52;0.08;0.06
218;"Ibou Sané";"Metz";16;520;1;1;0.33;0.94;0.06;0.16
219;"Samir El Mourabet";"Strasbourg";33;2145;1;2;0.37;2.71;0.02;0.11
220;"Panos Katseris";"Lorient";16;728;1;2;0.88;2.37;0.11;0.29
221;"Mohamed Bamba";"Lorient";18;664;1;2;2.88;1.63;0.39;0.22
222;"Dehmaine Assoumani";"Nantes";27;1261;1;0;1.8;2.04;0.13;0.15
223;"Stanis Idumbo Muzambo";"Monaco";8;129;1;1;1.06;0.4;0.74;0.28
224;"Simon Ebonog";"Le Havre";30;1775;1;0;1.96;0.34;0.1;0.02
225;"Yanis Zouaoui";"Le Havre";30;2380;1;1;1.28;3.18;0.05;0.12
226;"Ngal&#039;ayel Mukau";"Lille";30;1548;1;0;2.58;0.51;0.15;0.03
227;"Osame Sahraoui";"Lille";18;471;1;2;1.28;0.81;0.24;0.15
228;"Louis Leroux";"Nantes";23;1443;1;1;1.62;0.75;0.1;0.05
229;"Jordan Teze";"Monaco";33;2515;1;2;0.78;4.18;0.03;0.15
230;"Matt O&#039;Riley";"Marseille";15;725;1;2;0.86;3.09;0.11;0.38
231;"Soriba Diaoune";"Lille";10;160;1;1;0.98;0.2;0.55;0.11
232;"Stephan Zagadou";"Le Havre";8;503;1;0;0.1;0.11;0.02;0.02
233;"Lanroy Machine";"Angers";22;466;1;0;1.79;0.19;0.35;0.04
234;"Quentin Ndjantou";"Paris Saint Germain";10;344;1;1;1.47;0.32;0.38;0.08
235;"Adam Karabec";"Lyon";21;922;1;0;1.56;2.1;0.15;0.2
236;"Ruben Kluivert";"Lyon";16;767;1;2;0.56;0.73;0.07;0.09
237;"Godson Kyeremeh";"Le Havre";13;350;1;1;0.9;0.5;0.23;0.13
238;"Felix Mambimbi";"Le Havre";17;515;1;0;0.51;0.69;0.09;0.12
239;"Dro Fernández";"Paris Saint Germain";12;680;1;0;1.2;0.32;0.16;0.04
240;"Kojo Peprah Oppong";"Nice";29;2440;1;0;1.31;0.59;0.05;0.02
241;"Isak Jansson";"Nice";22;623;1;0;1.41;0.95;0.2;0.14
242;"Mário Sauer";"Toulouse";25;611;1;0;1.29;0.13;0.19;0.02
243;"Alexis Vossah";"Toulouse";23;1097;1;1;0.45;0.69;0.04;0.06
244;"Seny Koumbassa";"Toulouse";9;432;1;0;0.5;0;0.1;0
245;"Nathan Ngoy";"Lille";29;2397;1;2;1.56;1.23;0.06;0.05
246;"Marius Broholm";"Lille";11;269;1;1;0.97;0.57;0.32;0.19
247;"Dermane Karim";"Lorient";30;1371;1;2;1.36;2.48;0.09;0.16
248;"Samir Chergui";"Paris FC";15;1157;1;0;1.74;0.15;0.14;0.01
249;"Nouha Dicko";"Paris FC";8;51;1;1;0.6;0.3;1.07;0.53
250;"Adama Camara";"Paris FC";29;2198;1;0;1.91;1.4;0.08;0.06
251;"Kendry Páez";"Strasbourg";15;411;1;0;1.08;0.45;0.24;0.1
252;"Maxi Oyedele";"Strasbourg";8;456;1;0;0.08;0.02;0.02;0
253;"Otávio";"Paris FC";23;1907;1;0;0.58;0.17;0.03;0.01
254;"Nordan Mukiele";"Rennes";8;69;1;0;0.14;0.09;0.18;0.12
255;"Daouda Guindo";"Brest";25;1689;1;1;1.04;0.81;0.06;0.04
256;"Mayckel Lahdo";"Nantes";8;434;1;1;0.66;0.17;0.14;0.03
257;"Pathé Mboup";"Brest";28;1028;1;0;3.55;1.46;0.31;0.13
258;"Noam Obougou";"Le Havre";5;84;1;0;0.16;0;0.17;0
259;"Kenny Quetant";"Le Havre";9;378;1;0;0.97;0.02;0.23;0.01
260;"Pape Diop";"Toulouse";15;1187;1;2;1.53;1.41;0.12;0.11
261;"Rémi Himbert";"Lyon";6;114;1;0;1.18;0;0.93;0
262;"Kail Boudache";"Nice";13;507;1;0;2.86;0.2;0.51;0.04
263;"Jacen Russell-Rowe";"Toulouse";13;461;1;0;1.57;0.2;0.31;0.04
264;"Jahyann Pandore";"Metz";4;71;1;0;0.74;0.03;0.93;0.04
265;"Mezian Soares";"Lens";1;10;1;0;0.11;0.08;0.96;0.7
266;"Dante";"Nice";12;861;0;1;0.22;0.08;0.02;0.01
267;"Lukas Hradecky";"Monaco";17;1445;0;0;0;0;0;0
268;"Ulisses García";"Marseille";4;203;0;0;0.04;0.03;0.02;0.01
269;"Francis Coquelin";"Nantes";16;669;0;1;0.15;0.25;0.02;0.03
270;"Ben Chilwell";"Strasbourg";20;1613;0;2;0.29;1.42;0.02;0.08
271;"Chancel Mbemba";"Lille";13;949;0;0;0.34;0.59;0.03;0.06
272;"Emerson";"Marseille";28;2110;0;3;0.51;5.68;0.02;0.24
273;"Assane Diousse";"Auxerre";15;187;0;0;0.16;0.15;0.08;0.07
274;"Pol Lirola";"Marseille";3;19;0;0;0;0.08;0;0.38
275;"Geoffrey Kondogbia";"Marseille";10;635;0;0;0.28;0.09;0.04;0.01
276;"Paul Pogba";"Monaco";6;102;0;0;0.09;0;0.08;0
277;"Joel Asoro";"Metz";8;220;0;0;0.78;0.1;0.32;0.04
278;"Arthur Masuaku";"Lens";4;235;0;0;0.01;0.05;0;0.02
279;"Timothée Kolodziejczak";"Paris FC";11;660;0;0;0.04;0.04;0.01;0.01
280;"Gerónimo Rulli";"Marseille";29;2610;0;0;0.07;0.05;0;0
281;"Lucas Hernández";"Paris Saint Germain";25;1749;0;3;0.64;1.28;0.03;0.07
282;"André Gomes";"Lille";2;4;0;0;0;0;0;0
283;"Thilo Kehrer";"Monaco";28;2368;0;0;1.52;0.39;0.06;0.01
284;"Hamari Traore";"Paris FC";18;1169;0;1;0.36;0.81;0.03;0.06
285;"Frederic Guilbert";"Nantes";8;614;0;0;0.34;1.54;0.05;0.23
286;"Anthony Lopes";"Nantes";31;2789;0;0;0.19;0;0.01;0
287;"Rachid Ghezzal";"Lyon";10;211;0;0;0.24;0.02;0.1;0.01
288;"Mathieu Gorgelin";"Lens";1;90;0;0;0;0;0;0
289;"Kevin Trapp";"Paris FC";22;1980;0;0;0;0;0;0
290;"Benjamin Stambouli";"Metz";19;948;0;0;0.31;0.91;0.03;0.09
291;"Adrien Rabiot";"Marseille";1;90;0;0;0.03;0.2;0.03;0.2
292;"Marquinhos";"Paris Saint Germain";14;1040;0;0;0.06;0.03;0;0
293;"Bouna Sarr";"Metz";12;898;0;0;1.81;0.71;0.18;0.07
294;"Maxime Dupé";"Nice";8;720;0;0;0;0.03;0;0
295;"Pierrick Capelle";"Angers";16;643;0;1;0.72;0.61;0.1;0.08
296;"Neal Maupay";"Marseille";1;1;0;0;0;0;0;0
297;"Morgan Sanson";"Nice";31;1759;0;2;2.09;1.47;0.11;0.07
298;"Maxime Lopez";"Paris FC";26;1972;0;3;1.2;5.31;0.05;0.24
299;"Kelvin Adou";"Nantes";23;1964;0;1;0.34;1.31;0.02;0.06
300;"Mathieu Cafaro";"Paris FC";10;133;0;0;0.36;0.24;0.24;0.16
301;"Brice Samba";"Rennes";32;2880;0;0;0;0.06;0;0
302;"Hans Hateboer";"Lyon,Rennes";16;744;0;0;0.33;0.03;0.04;0
303;"Caio Henrique";"Monaco";22;1527;0;2;0.19;3.2;0.01;0.19
304;"Matvey Safonov";"Paris Saint Germain";15;1350;0;0;0;0.1;0;0.01
305;"Malang Sarr";"Lens";33;2933;0;1;1.78;0.47;0.05;0.01
306;"Karl-Johan Johnsson";"Strasbourg";1;90;0;0;0;0;0;0
307;"Abdoulaye Bamba";"Angers";6;255;0;0;0.01;0;0.01;0
308;"Carlens Arcus";"Angers";26;2053;0;3;0.2;2.09;0.01;0.09
309;"Pierre-Yves Hamel";"Paris FC";2;78;0;0;0;0;0;0
310;"Remy Descamps";"Lyon";5;450;0;0;0;0;0;0
311;"Fode Toure";"Metz";13;866;0;0;0.24;0.99;0.02;0.1
312;"Tanguy NDombele Alvaro";"Nice";8;273;0;1;0.27;0.5;0.09;0.16
313;"Bingourou Kamara";"Lorient";3;270;0;0;0;0;0;0
314;"Kenny Lala";"Brest";32;2793;0;3;0.24;3.7;0.01;0.12
315;"Moussa Niakhate";"Lyon";32;2750;0;2;0.17;0.82;0.01;0.03
316;"Nicolas Cozza";"Nantes";29;2297;0;1;1.94;0.44;0.08;0.02
317;"Kouakou Herve Koffi";"Angers";30;2661;0;0;0;0;0;0
318;"Orel Mangala";"Lyon";9;414;0;0;0.18;0.16;0.04;0.04
319;"Yvon Mvogo";"Lorient";31;2790;0;0;0;0.08;0;0
320;"Elisha Owusu";"Auxerre";29;2366;0;0;0.14;1.01;0.01;0.04
321;"Romain Faivre";"Auxerre";10;592;0;2;0.43;1.05;0.06;0.16
322;"Yehvann Diouf";"Nice";26;2340;0;0;0;0;0;0
323;"Jordan Lefort";"Angers";34;3060;0;2;0.64;0.9;0.02;0.03
324;"Ibrahima Sissoko";"Nantes";13;811;0;0;0.17;0.9;0.02;0.1
325;"Jonathan Gradit";"Lens";9;810;0;0;0.11;0.09;0.01;0.01
326;"Leonardo Balerdi";"Marseille";26;1996;0;1;2.6;0.24;0.12;0.01
327;"Younes Namli";"Le Havre";12;300;0;1;0.14;0.44;0.04;0.13
328;"Haris Belkebla";"Angers";33;2894;0;0;0.16;0.59;0.01;0.02
329;"Donovan Léon";"Auxerre";29;2465;0;0;0;0.06;0;0
330;"Thomas Delaine";"Le Havre";5;200;0;0;0.08;0.23;0.04;0.11
331;"Uros Radakovic";"Nantes";6;91;0;0;0;0.09;0;0.09
332;"Lucas Gourna Douath";"Le Havre";15;1275;0;0;0.2;0.18;0.01;0.01
333;"Lucas Chevalier";"Paris Saint Germain";17;1530;0;0;0;0;0;0
334;"Radoslaw Majecki";"Brest";10;868;0;0;0;0;0;0
335;"Wout Faes";"Monaco";14;1136;0;0;0.56;0.04;0.04;0
336;"Thibault De Smet";"Paris FC";17;1153;0;1;0.19;0.36;0.01;0.03
337;"Facundo Medina";"Marseille";17;1381;0;1;0.45;1.31;0.03;0.09
338;"Lilian Brassier";"Rennes";27;2253;0;1;0.89;0.91;0.04;0.04
339;"Cheick Tidiane Sabaly";"Metz";14;972;0;2;1.43;1.88;0.13;0.17
340;"Timothee Pembele";"Le Havre";14;354;0;0;0.22;0.05;0.06;0.01
341;"Kevin Omoruyi";"Nice";23;864;0;0;4;0.43;0.42;0.05
342;"Reda Khadra";"Le Havre";8;208;0;0;0.26;0.36;0.11;0.16
343;"Naouirou Ahamada";"Auxerre";15;676;0;1;0.43;0.44;0.06;0.06
344;"Krépin Diatta";"Monaco";18;997;0;1;0.93;1.76;0.08;0.16
345;"Andy Diouf";"Lens";1;90;0;0;0.18;0;0.18;0
346;"Mamadou Mbow";"Paris FC";31;2711;0;1;0.56;0.52;0.02;0.02
347;"Grégoire Coudert";"Brest";25;2188;0;0;0;0;0;0
348;"Christopher Wooh";"Rennes";2;64;0;0;0;0;0;0
349;"Deiver Machado";"Lens,Nantes";19;1201;0;1;0.91;1.39;0.07;0.1
350;"Salis Abdul Samed";"Nice";18;935;0;0;0.02;0.01;0;0
351;"Alidu Seidu";"Rennes";21;1194;0;1;0.1;1.16;0.01;0.09
352;"Pablo Rosario";"Nice";1;19;0;0;0.08;0.1;0.38;0.48
353;"Billal Brahimi";"Nice";1;1;0;0;0;0.1;0;8.89
354;"Bradley Locko";"Brest";21;1281;0;2;0.07;1.33;0;0.09
355;"Bilal Nadir";"Marseille";20;564;0;4;0.37;1.95;0.06;0.31
356;"Bamo Meïté";"Lorient";25;1977;0;3;0.87;1.24;0.04;0.06
357;"Dominik Greif";"Lyon";29;2610;0;1;0;0.13;0;0
358;"Gideon Mensah";"Auxerre";30;2353;0;2;0.01;1.65;0;0.06
359;"Axel Camblan";"Brest";1;6;0;0;0;0.03;0;0.41
360;"Montassar Talbi";"Lorient";29;2610;0;1;0.86;0.87;0.03;0.03
361;"Felix Lemarechal";"Strasbourg";11;556;0;2;0.91;1.24;0.15;0.2
362;"Diego Coppola";"Paris FC";13;1170;0;2;0.39;0.67;0.03;0.05
363;"Jonathan Rowe";"Marseille";1;69;0;0;0.42;0;0.55;0
364;"CJ Egan-Riley";"Marseille";11;624;0;0;0;0.51;0;0.07
365;"Jacques Ekomie";"Angers";32;2242;0;0;1.02;1.39;0.04;0.06
366;"Vanderson";"Monaco";14;609;0;2;0.15;1.36;0.02;0.2
367;"Ismaël Doukouré";"Strasbourg";25;2090;0;2;0.52;0.73;0.02;0.03
368;"Ugo Raghouber";"Lille";1;1;0;0;0;0;0;0
369;"Soumaila Coulibaly";"Brest";16;1343;0;0;0.3;0.01;0.02;0
370;"Nicolás Tagliafico";"Lyon";20;1292;0;3;1.86;2.17;0.13;0.15
371;"Johann Lepenant";"Nantes";27;2175;0;1;0.85;2.21;0.04;0.09
372;"Robin Risser";"Lens";33;2970;0;1;0;0.07;0;0
373;"Ben Seghir";"Monaco";2;40;0;0;0.06;0;0.15;0
374;"Mory Diaw";"Le Havre";30;2662;0;1;0;0.27;0;0.01
375;"Branco van den Boomen";"Angers";15;1254;0;1;1.06;2.34;0.08;0.17
376;"Kjetil Haug";"Toulouse";1;27;0;0;0;0;0;0
377;"Alexsandro Ribeiro";"Lille";9;511;0;0;0.25;0;0.04;0
378;"Darline Yongwa";"Lorient";23;1285;0;1;0.74;2.4;0.05;0.17
379;"Souleymane Isaak Touré";"Lorient";1;25;0;0;0;0;0;0
380;"Michel Diaz";"Brest";20;1555;0;0;0.88;0.03;0.05;0
381;"Badredine Bouanani";"Nice";2;88;0;0;0.06;0.04;0.06;0.04
382;"Christian Mawissa Elebi";"Monaco";18;1178;0;0;0.32;0.36;0.02;0.03
383;"Sael Kumbedi";"Lyon";1;69;0;0;0.03;0;0.04;0
384;"Théo De Percin";"Auxerre";8;589;0;0;0;0;0;0
385;"Mamadou Sarr";"Strasbourg";15;1306;0;0;0.05;0.04;0;0
386;"David Datro Fofana";"Strasbourg";5;172;0;0;0.97;0.03;0.51;0.01
387;"Youssouf Ndayishimiye";"Nice";2;71;0;0;0;0;0;0
388;"Ibrahim Salah";"Rennes";2;22;0;0;0.05;0;0.2;0
389;"Justin-Noel Kalumba";"Angers";4;224;0;0;0.02;0.27;0.01;0.11
390;"Jérémy Jacquet";"Rennes";19;1678;0;0;0.79;0.57;0.04;0.03
391;"Tiago Santos";"Lille";15;714;0;0;0.53;0.73;0.07;0.09
392;"Ousmane Touré";"Lille";1;57;0;0;0;0;0;0
393;"Formose Mendy";"Lorient";2;142;0;0;0;0;0;0
394;"Guillaume Restes";"Toulouse";33;2943;0;0;0;0.06;0;0
395;"Philipp Köhn";"Monaco";19;1615;0;0;0;0;0;0
396;"Loïc Négo";"Le Havre";30;2339;0;0;0.53;1.54;0.02;0.06
397;"Étienne Youté";"Le Havre";9;415;0;0;0;0.04;0;0.01
398;"Maxime Colin";"Metz";22;1697;0;0;0.23;0.22;0.01;0.01
399;"Malick Mbaye";"Metz";5;302;0;0;0.08;0.14;0.02;0.04
400;"Abakar Sylla";"Nantes,Strasbourg";3;68;0;0;0.38;0;0.51;0
401;"Clinton Mata";"Lyon";32;2845;0;0;0.17;0.09;0.01;0
402;"William Pacho";"Paris Saint Germain";23;1910;0;0;0.41;0.09;0.02;0
403;"Mohamed Kaba";"Nantes";12;938;0;2;1.35;1.95;0.13;0.19
404;"Fodé Sylla";"Lens";4;94;0;0;0;0.03;0;0.03
405;"Joseph N&#039;Duquidi";"Metz";1;4;0;0;0;0;0;0
406;"Joel Mvuka";"Lorient";15;549;0;0;0.7;1.01;0.11;0.17
407;"Fabian Rieder";"Rennes";3;144;0;0;0.01;0.27;0.01;0.17
408;"Bertug Yildirim";"Rennes";1;1;0;0;0;0.12;0;10.85
409;"Ernest Nuamah";"Lyon";3;16;0;0;0.17;0;0.96;0
410;"Gabriel Osho";"Auxerre";2;139;0;0;0;0;0;0
411;"Mahamadou Nagida";"Rennes";19;780;0;0;0.58;0.14;0.07;0.02
412;"Ayyoub Bouaddi";"Lille";30;2354;0;1;1.07;2;0.04;0.08
413;"Kassoum Ouattara";"Monaco";15;992;0;3;1.19;2.7;0.11;0.25
414;"Paris Brunner";"Monaco";7;113;0;0;0.51;0;0.41;0
415;"Luc Zogbe";"Brest";9;281;0;0;0.05;0.08;0.02;0.03
416;"Renato Marin";"Paris Saint Germain";2;180;0;0;0;0;0;0
417;"Nhoa Sangui";"Paris FC";26;1723;0;0;0.53;1.24;0.03;0.06
418;"Noah Edjouma";"Lille,Toulouse";15;319;0;0;0.67;0.49;0.19;0.14
419;"Anthony Bermont";"Lens";10;68;0;0;0.19;0;0.26;0
420;"Lucas Michal";"Metz,Monaco";11;245;0;0;0.86;0.1;0.32;0.04
421;"Nathaniel Adjei";"Lorient";15;830;0;0;0.54;0.07;0.06;0.01
422;"Arthur Vermeeren";"Marseille";20;806;0;1;0.37;0.74;0.04;0.08
423;"Rabby Nzingoula";"Strasbourg";4;44;0;0;0.05;0.07;0.1;0.15
424;"Djaoui Cissé";"Rennes";24;965;0;0;0.77;0.84;0.07;0.08
425;"Paul Argney";"Le Havre";1;90;0;0;0;0;0;0
426;"Mikayil Faye";"Rennes";1;5;0;0;0;0;0;0
427;"Vincent Burlet";"Lille";1;13;0;0;0;0.34;0;2.38
428;"Rafik Messali";"Toulouse";12;493;0;0;0;0.64;0;0.12
429;"Darryl Bakola";"Marseille";8;46;0;0;0.04;0.03;0.08;0.05
430;"Daren Mosengo";"Le Havre";7;90;0;0;0;0;0;0
431;"Derek Cornelius";"Marseille";2;58;0;0;0;0;0;0
432;"Jeffrey de Lange";"Marseille";5;450;0;0;0;0.1;0;0.02
433;"Mathis Amougou";"Strasbourg";12;407;0;0;0.15;0.25;0.03;0.05
434;"Clément Akpa";"Auxerre";26;1940;0;0;0.24;0.42;0.01;0.02
435;"Theo Bair";"Auxerre";2;4;0;0;0;0;0;0
436;"Lasso Coulibaly";"Auxerre";17;271;0;0;0.26;0.27;0.09;0.09
437;"Mark McKenzie";"Toulouse";29;2407;0;2;0.26;2.3;0.01;0.09
438;"Mathieu Acapandié";"Nantes";6;258;0;0;0;0.28;0;0.1
439;"Florent Hanin";"Angers";25;857;0;0;0.07;0.78;0.01;0.08
440;"Melvin Zinga";"Angers";3;219;0;0;0;0;0;0
441;"Emmanuel Biumla";"Angers";9;378;0;0;0.05;0;0.01;0
442;"Glen Kamara";"Rennes";4;47;0;0;0;0;0;0
443;"Ibrahim Kanté";"Brest";1;6;0;0;0;0;0;0
444;"Moïse Bombito";"Nice";2;154;0;0;0;0;0;0
445;"Enzo Molébé";"Lyon";1;7;0;0;0;0;0;0
446;"Hong Hyun-Seok";"Nantes";6;281;0;0;0.54;0.04;0.17;0.01
447;"Serigne Diop";"Brest";2;2;0;0;0.1;0;4.28;0
448;"Damián Pizarro";"Le Havre";2;15;0;0;0;0;0;0
449;"Patrik Carlgren";"Nantes";3;181;0;0;0;0;0;0
450;"Jaydee Canvot";"Toulouse";2;180;0;0;0.1;0;0.05;0
451;"Juma Bah";"Nice";26;1947;0;0;1.13;1.56;0.05;0.07
452;"Sékou Doucouré";"Nantes";1;37;0;0;0;0;0;0
453;"Kyllian Antonio";"Lens";4;183;0;1;0.05;0.23;0.02;0.11
454;"Marius Courcoul";"Angers";18;336;0;0;0.05;0.13;0.01;0.04
455;"Marius Louãr";"Angers";9;535;0;0;0;0.23;0;0.04
456;"Samuel Nibombé";"Monaco";1;1;0;0;0;0;0;0
457;"Mathis Saka";"Toulouse";1;2;0;0;0;0;0;0
458;"Aladji Bamba";"Monaco";18;830;0;2;0.11;1.72;0.01;0.19
459;"Amadou Cissé";"Strasbourg";1;90;0;0;0;0.07;0;0.07
460;"Everton Pereira";"Nice";2;71;0;0;0.03;0;0.03;0
461;"Bernard Nguene";"Nice";6;111;0;0;0.18;0;0.14;0
462;"Raphaël Le Guen";"Brest";6;365;0;0;0.25;0;0.06;0
463;"Henrick Do Marcolino";"Rennes";1;1;0;0;0;0;0;0
464;"Justin Bourgault";"Brest";1;12;0;0;0.03;0;0.25;0
465;"Fredrik Oppegård";"Auxerre";23;1238;0;0;0.56;0.63;0.04;0.05
466;"Nidal Celik";"Lens";8;637;0;0;0.12;0;0.02;0
467;"Aaron Anselmino";"Strasbourg";3;12;0;0;0;0;0;0
468;"Hamidou Makalou";"Brest";17;292;0;0;0.13;1.11;0.04;0.34
469;"Noham Kamara";"Lyon";2;2;0;0;0;0;0;0
470;"Telli Siwe";"Auxerre";4;320;0;0;0.07;0.04;0.02;0.01
471;"Ilyas Azizi";"Toulouse";3;23;0;0;0.06;0.03;0.22;0.11
472;"Andrija Bulatovic";"Lens";19;720;0;4;0.92;2.88;0.11;0.36
473;"Khalis Merah";"Lyon";22;1187;0;1;1.35;1.51;0.1;0.11
474;"Mathys de Carvalho";"Lyon";11;279;0;0;0.37;0.04;0.12;0.01
475;"Ayumu Seko";"Le Havre";30;2629;0;0;0.97;0.46;0.03;0.02
476;"Lionel Mpasi";"Le Havre";4;308;0;0;0;0;0;0
477;"Georges Gomis";"Le Havre";1;1;0;0;0;0;0;0
478;"Gabin Bernardeau";"Nice";4;90;0;0;0.1;0.11;0.1;0.11
479;"Djibril Coulibaly";"Nice";2;6;0;0;0;0;0;0
480;"Hamza Koutoune";"Nice";1;1;0;0;0;0;0;0
481;"Berke Özer";"Lille";32;2842;0;1;0;0.08;0;0
482;"Maxima Goffi";"Lille";1;33;0;0;0;0;0;0
483;"Arnaud Bodart";"Lille";3;218;0;0;0;0;0;0
484;"Ibrahim Osman";"Auxerre";14;631;0;2;1.94;1.18;0.28;0.17
485;"Lamine Sy";"Auxerre";24;1519;0;0;1.07;1.47;0.06;0.09
486;"Oumar Pona";"Angers";2;180;0;0;0;0;0;0
487;"Obed Nkambadio";"Paris FC";12;1080;0;0;0;0.01;0;0
488;"Julien Lopez";"Paris FC";5;31;0;0;0;0;0;0
489;"Tuomas Ollila";"Paris FC";10;297;0;0;0.12;0.15;0.04;0.05
490;"Jonathan Fischer";"Metz";27;2349;0;0;0;0.03;0;0
491;"Michel Mboula";"Metz";14;756;0;0;0.11;0;0.01;0
492;"Brian Madjo";"Metz";5;157;0;0;0.32;0;0.18;0
493;"Idrissa Gueye";"Metz";3;126;0;0;0.12;0;0.09;0
494;"Alpha Touré";"Metz";30;1591;0;1;1.03;0.43;0.06;0.02
495;"Pape Sy";"Metz";8;711;0;0;0;0;0;0
496;"Morgan Bokele";"Metz";10;208;0;0;0.21;0.09;0.09;0.04
497;"Mike Penders";"Strasbourg";33;2970;0;0;0;0;0;0
498;"Lucas Høgsberg";"Strasbourg";24;1805;0;0;0.22;0;0.01;0
499;"Tylel Tati";"Nantes";20;1728;0;0;0.5;0.02;0.03;0
500;"Kwon Hyeok-Kyu";"Nantes";12;777;0;0;0.1;0;0.01;0
501;"Yassine Benhattab";"Nantes";10;479;0;0;0.18;0.69;0.03;0.13
502;"Amady Camara";"Nantes";10;131;0;0;0.69;0.12;0.48;0.08
503;"Ismaël Guerti";"Metz";3;15;0;0;0;0;0;0
504;"Cleo Mélières";"Metz";2;26;0;0;0;0;0;0
505;"Abdoulaye Faye";"Lorient";17;1444;0;0;0.58;0.05;0.04;0
506;"Mathys Silistre";"Rennes";2;180;0;0;0;0;0;0
507;"Rafael Luís";"Strasbourg";12;573;0;1;0.16;0.53;0.03;0.08
508;"Terry Yegbe";"Metz";24;1977;0;1;1.28;0.44;0.06;0.02
509;"Martin Bley";"Lorient";1;1;0;0;0;0;0;0
510;"Charles Vanhoutte";"Nice";26;1801;0;2;0.25;1.15;0.01;0.06
511;"Tiago Gouveia";"Nice";15;507;0;0;0.9;0.64;0.16;0.11
512;"Bahmed Deuff";"Nantes";11;213;0;0;0.24;0.15;0.1;0.07
513;"Calvin Verdonk";"Lille";18;785;0;0;0.04;0.7;0.01;0.08
514;"Abu Francis";"Toulouse";8;546;0;0;0.18;0.04;0.03;0.01
515;"Ryan Rodin";"Auxerre";3;16;0;0;0;0;0;0
516;"Enzo Koffi";"Le Havre";14;370;0;0;0.35;0.24;0.09;0.06
517;"Pape Cabral";"Monaco";4;53;0;0;0.51;0;0.86;0
518;"Mathis Jangeal";"Paris Saint Germain";1;6;0;0;0;0;0;0
519;"Tidiane Devernois";"Auxerre";2;2;0;0;0;0.12;0;5.58
520;"Believe Munongo";"Metz";11;426;0;0;0.19;0.16;0.04;0.03
521;"Tadjidine Mmadi";"Marseille";3;34;0;0;0.11;0.02;0.29;0.06
522;"Dan Sinaté";"Angers";3;25;0;0;0.06;0;0.21;0
523;"Lucas Rosier";"Rennes";2;2;0;0;0;0;0;0
524;"Yvan Zaddy";"Auxerre";1;1;0;0;0;0;0;0
525;"Brad-Hamilton Mantsounga";"Nice";1;90;0;0;0;0;0;0
526;"Adil Hamdani";"Lyon";4;20;0;0;0.09;0;0.41;0
527;"Elias Legendre";"Rennes";6;27;0;0;0.47;0.13;1.56;0.44
528;"Mamoudou Cissokho";"Auxerre";2;2;0;0;0;0;0;0
529;"Zoumana Diallo";"Nice";1;7;0;0;0;0.08;0;1.06
530;"Ilane Touré";"Monaco";2;21;0;0;0;0.05;0;0.21
531;"Everton Pereira da Silva";"Nice";1;71;0;0;0.08;0;0.1;0
532;"Noah Nsoki";"Paris Saint Germain";1;4;0;0;0;0;0;0
533;"Mohamed Benoit-Dao";"Paris FC";1;1;0;0;0;0;0;0
534;"Erawan Garnier";"Lens";1;2;0;0;0;0.1;0;4.42
535;"Gessime Yassine";"Strasbourg";12;505;0;1;0.51;1.59;0.09;0.28
536;"Quinten Timber";"Marseille";15;1135;0;0;1.13;0.46;0.09;0.04
537;"Ali Youssef";"Nantes";1;90;0;0;0;0;0;0
538;"Tyrese Noubissie";"Strasbourg";4;41;0;0;0;0.01;0;0.03
539;"Ali Youssif";"Nantes";12;875;0;0;0.28;0.19;0.03;0.02
540;"Yassir Zabiri";"Rennes";6;29;0;0;0.64;0;2;0
541;"Jean-Baptiste Bosey";"Strasbourg";1;1;0;0;0;0;0;0
542;"Tochukwu Nnadi";"Marseille";8;354;0;1;0.57;0.26;0.14;0.06
543;"Ange Lago";"Marseille";2;44;0;0;0.54;0.12;1.1;0.25
544;"Daniel Semedo";"Lorient";1;7;0;0;0;0;0;0
545;"Steeve Kango";"Lyon";4;76;0;0;0;0;0;0
546;"Bané Diatta";"Angers";1;1;0;0;0;0;0;0
547;"Ugo El Kadmiri";"Marseille";3;15;0;0;0.52;0;3.1;0
548;"Nouhoum Kamissoko";"Marseille";3;14;0;0;0.06;0.58;0.4;3.74
549;"Hilan Slimani";"Marseille";1;1;0;0;0;0;0;0
550;"Idrissa Sabaly";"Strasbourg";1;58;0;0;0.03;0;0.04;0
551;"Pierre Mounguengue";"Paris Saint Germain";1;15;0;0;0.69;0;4.15;0
552;"Yaya Diémé";"Strasbourg";3;159;0;0;0.18;0;0.1;0
553;"Dimitri Lucea";"Paris Saint Germain";2;59;0;0;0;0;0;0
